-- Generated seed data for catalog tables. See src/data/*.ts for the source of truth this mirrors.

INSERT INTO branches (slug, name, city, state, address, phone, whatsapp, email, image, gallery, opening_hours, delivery_fee, free_delivery_threshold, has_event_hall, has_catering, has_bakery, has_academy, bank_account, rating, review_count) VALUES
('abuja', 'EmmaPresh Abuja', 'Abuja', 'FCT', '12 Aminu Kano Crescent, Wuse II, Abuja', '+234 803 000 1111', '2348030001111', 'abuja@emmapresh.com', '/images/branches/abuja.jpg', ARRAY['/images/branches/abuja-1.jpg','/images/branches/abuja-2.jpg'], '[{"days":"Monday – Saturday","hours":"8:00 AM – 10:00 PM"},{"days":"Sunday","hours":"10:00 AM – 9:00 PM"}]'::jsonb, 1500, 25000, true, true, true, true, '{"bankName":"Zenith Bank","accountName":"EmmaPresh Eatery & Lounge — Abuja","accountNumber":"1015552233"}'::jsonb, 4.8, 342),
('lagos', 'EmmaPresh Lagos', 'Lagos', 'Lagos', '45 Admiralty Way, Lekki Phase 1, Lagos', '+234 803 000 2222', '2348030002222', 'lagos@emmapresh.com', '/images/branches/lagos.jpg', ARRAY['/images/branches/lagos-1.jpg','/images/branches/lagos-2.jpg'], '[{"days":"Monday – Saturday","hours":"8:00 AM – 11:00 PM"},{"days":"Sunday","hours":"10:00 AM – 10:00 PM"}]'::jsonb, 2000, 30000, true, true, true, true, '{"bankName":"GTBank","accountName":"EmmaPresh Eatery & Lounge — Lagos","accountNumber":"0225588899"}'::jsonb, 4.9, 518),
('badagry', 'EmmaPresh Badagry', 'Badagry', 'Lagos', '8 Marina Road, Badagry, Lagos', '+234 803 000 3333', '2348030003333', 'badagry@emmapresh.com', '/images/branches/badagry.jpg', ARRAY['/images/branches/badagry-1.jpg','/images/branches/badagry-2.jpg'], '[{"days":"Monday – Sunday","hours":"9:00 AM – 9:00 PM"}]'::jsonb, 1000, 20000, false, true, false, false, '{"bankName":"Access Bank","accountName":"EmmaPresh Eatery & Lounge — Badagry","accountNumber":"0445566778"}'::jsonb, 4.6, 97);

INSERT INTO menu_categories (slug, name, description, image, "group") VALUES
('local-meals', 'Local Meals', 'Nigerian classics made fresh daily.', '/images/categories/local-meals.jpg', 'food'),
('rice-dishes', 'Rice Dishes', 'Jollof, fried rice, native rice and more.', '/images/categories/rice.jpg', 'food'),
('soups', 'Soups', 'Rich, hearty Nigerian soups.', '/images/categories/soups.jpg', 'food'),
('swallow', 'Swallow', 'Eba, pounded yam, semo and fufu.', '/images/categories/swallow.jpg', 'food'),
('grills', 'Grills', 'Smoky grilled meat and fish.', '/images/categories/grills.jpg', 'food'),
('seafood', 'Seafood', 'Fresh catch, expertly prepared.', '/images/categories/seafood.jpg', 'food'),
('breakfast', 'Breakfast', 'Start the day right.', '/images/categories/breakfast.jpg', 'food'),
('snacks', 'Snacks & Small Chops', 'Perfect for sharing.', '/images/categories/snacks.jpg', 'junk'),
('pizza', 'Pizza', 'Wood-fired, loaded with toppings.', '/images/categories/pizza.jpg', 'junk'),
('burgers', 'Burgers', 'Juicy, stacked, unforgettable.', '/images/categories/burgers.jpg', 'junk'),
('shawarma', 'Shawarma', 'Wrapped fresh, grilled to order.', '/images/categories/shawarma.jpg', 'junk'),
('doughnuts', 'Doughnuts', 'Soft, glazed, freshly fried.', '/images/categories/doughnuts.jpg', 'junk'),
('pastries', 'Pastries', 'Meat pies, sausage rolls and puff puff.', '/images/categories/pastries.jpg', 'junk'),
('desserts', 'Desserts & Cakes', 'Sweet endings and celebration cakes.', '/images/categories/desserts.jpg', 'junk'),
('drinks', 'Drinks', 'Juices, smoothies, mocktails and more.', '/images/categories/drinks.jpg', 'drinks'),
('family-meals', 'Family Meals', 'Generous portions for the whole family.', '/images/categories/family.jpg', 'family');

INSERT INTO menu_items (slug, name, description, category_slug, image, gallery, price, branch_availability, rating, review_count, prep_time_minutes, dietary_labels, ingredients, allergens, option_groups, stock_status, is_popular, is_new, requires_age_confirmation) VALUES
('jollof-rice-grilled-chicken', 'Jollof Rice & Grilled Chicken', 'Smoky party-style jollof rice served with a juicy grilled chicken thigh and fried plantain.', 'rice-dishes', '/images/menu/jollof-rice.jpg', ARRAY['/images/menu/jollof-rice.jpg'], 4500, ARRAY['abuja','lagos','badagry']::branch_slug[], 4.2, 18, 20, '{}'::dietary_label[], ARRAY['Rice','Tomato stew','Chicken','Plantain'], '{}', '[{"id":"protein","label":"Choose Protein","required":true,"multiple":false,"choices":[{"id":"chicken","label":"Chicken","priceModifier":0},{"id":"beef","label":"Beef","priceModifier":500},{"id":"goat-meat","label":"Goat Meat","priceModifier":800},{"id":"fish","label":"Fish","priceModifier":700},{"id":"assorted","label":"Assorted","priceModifier":1000}]},{"id":"spice-level","label":"Spice Level","required":true,"multiple":false,"choices":[{"id":"mild","label":"Mild","priceModifier":0},{"id":"regular","label":"Regular","priceModifier":0},{"id":"extra-hot","label":"Extra Hot","priceModifier":0}]},{"id":"extras","label":"Add Extras","required":false,"multiple":true,"choices":[{"id":"extra-protein","label":"Extra Protein","priceModifier":1200},{"id":"plantain","label":"Fried Plantain","priceModifier":800},{"id":"coleslaw","label":"Coleslaw","priceModifier":500},{"id":"extra-sauce","label":"Extra Sauce","priceModifier":300}]}]'::jsonb, 'available', true, false, false),
('native-jollof-rice', 'Native Jollof Rice', 'Smoked native rice cooked in palm oil with dried fish and ponmo.', 'rice-dishes', '/images/menu/native-jollof.jpg', ARRAY['/images/menu/native-jollof.jpg'], 4200, ARRAY['abuja','lagos','badagry']::branch_slug[], 4.9, 31, 25, '{}'::dietary_label[], ARRAY['Rice','Palm oil','Dried fish','Ponmo'], '{}', '[{"id":"spice-level","label":"Spice Level","required":true,"multiple":false,"choices":[{"id":"mild","label":"Mild","priceModifier":0},{"id":"regular","label":"Regular","priceModifier":0},{"id":"extra-hot","label":"Extra Hot","priceModifier":0}]}]'::jsonb, 'available', false, false, false),
('fried-rice-turkey', 'Fried Rice & Turkey', 'Vegetable-loaded fried rice paired with a crispy turkey portion.', 'rice-dishes', '/images/menu/fried-rice.jpg', ARRAY['/images/menu/fried-rice.jpg'], 4800, ARRAY['abuja','lagos','badagry']::branch_slug[], 4.8, 44, 20, '{}'::dietary_label[], ARRAY['Rice','Mixed vegetables','Turkey'], '{}', '[{"id":"protein","label":"Choose Protein","required":true,"multiple":false,"choices":[{"id":"chicken","label":"Chicken","priceModifier":0},{"id":"beef","label":"Beef","priceModifier":500},{"id":"goat-meat","label":"Goat Meat","priceModifier":800},{"id":"fish","label":"Fish","priceModifier":700},{"id":"assorted","label":"Assorted","priceModifier":1000}]},{"id":"extras","label":"Add Extras","required":false,"multiple":true,"choices":[{"id":"extra-protein","label":"Extra Protein","priceModifier":1200},{"id":"plantain","label":"Fried Plantain","priceModifier":800},{"id":"coleslaw","label":"Coleslaw","priceModifier":500},{"id":"extra-sauce","label":"Extra Sauce","priceModifier":300}]}]'::jsonb, 'available', true, false, false),
('ofada-rice-ayamase-sauce', 'Ofada Rice & Ayamase Sauce', 'Local ofada rice with fiery green pepper ayamase sauce and assorted meat.', 'rice-dishes', '/images/menu/ofada-rice.jpg', ARRAY['/images/menu/ofada-rice.jpg'], 5200, ARRAY['abuja','lagos','badagry']::branch_slug[], 4.7, 57, 25, ARRAY['spicy']::dietary_label[], ARRAY['Ofada rice','Green pepper','Assorted meat'], '{}', '[]'::jsonb, 'available', false, false, false),
('coconut-rice', 'Coconut Rice', 'Fragrant coconut milk rice with mixed vegetables and prawns.', 'rice-dishes', '/images/menu/coconut-rice.jpg', ARRAY['/images/menu/coconut-rice.jpg'], 4600, ARRAY['abuja','lagos','badagry']::branch_slug[], 4.6, 70, 20, '{}'::dietary_label[], ARRAY['Rice','Coconut milk','Prawns'], '{}', '[{"id":"protein","label":"Choose Protein","required":true,"multiple":false,"choices":[{"id":"chicken","label":"Chicken","priceModifier":0},{"id":"beef","label":"Beef","priceModifier":500},{"id":"goat-meat","label":"Goat Meat","priceModifier":800},{"id":"fish","label":"Fish","priceModifier":700},{"id":"assorted","label":"Assorted","priceModifier":1000}]}]'::jsonb, 'available', false, false, false),
('egusi-soup-pounded-yam', 'Egusi Soup & Pounded Yam', 'Melon seed soup with spinach, stockfish and assorted meat, served with pounded yam.', 'soups', '/images/menu/egusi-soup.jpg', ARRAY['/images/menu/egusi-soup.jpg'], 5000, ARRAY['abuja','lagos','badagry']::branch_slug[], 4.5, 83, 25, '{}'::dietary_label[], ARRAY['Egusi','Spinach','Stockfish','Pounded yam'], '{}', '[{"id":"protein","label":"Choose Protein","required":true,"multiple":false,"choices":[{"id":"chicken","label":"Chicken","priceModifier":0},{"id":"beef","label":"Beef","priceModifier":500},{"id":"goat-meat","label":"Goat Meat","priceModifier":800},{"id":"fish","label":"Fish","priceModifier":700},{"id":"assorted","label":"Assorted","priceModifier":1000}]}]'::jsonb, 'available', true, false, false),
('oha-soup-eba', 'Oha Soup & Eba', 'Traditional Igbo oha soup with cocoyam thickener, served with eba.', 'soups', '/images/menu/oha-soup.jpg', ARRAY['/images/menu/oha-soup.jpg'], 5200, ARRAY['abuja','lagos','badagry']::branch_slug[], 4.4, 96, 25, '{}'::dietary_label[], ARRAY['Oha leaves','Cocoyam','Eba'], '{}', '[{"id":"protein","label":"Choose Protein","required":true,"multiple":false,"choices":[{"id":"chicken","label":"Chicken","priceModifier":0},{"id":"beef","label":"Beef","priceModifier":500},{"id":"goat-meat","label":"Goat Meat","priceModifier":800},{"id":"fish","label":"Fish","priceModifier":700},{"id":"assorted","label":"Assorted","priceModifier":1000}]}]'::jsonb, 'available', false, false, false),
('afang-soup-fufu', 'Afang Soup & Fufu', 'Rich vegetable soup made with afang leaves and waterleaf, served with fufu.', 'soups', '/images/menu/afang-soup.jpg', ARRAY['/images/menu/afang-soup.jpg'], 5300, ARRAY['abuja','lagos','badagry']::branch_slug[], 4.3, 109, 25, '{}'::dietary_label[], ARRAY['Afang leaves','Waterleaf','Fufu'], '{}', '[{"id":"protein","label":"Choose Protein","required":true,"multiple":false,"choices":[{"id":"chicken","label":"Chicken","priceModifier":0},{"id":"beef","label":"Beef","priceModifier":500},{"id":"goat-meat","label":"Goat Meat","priceModifier":800},{"id":"fish","label":"Fish","priceModifier":700},{"id":"assorted","label":"Assorted","priceModifier":1000}]}]'::jsonb, 'available', false, false, false),
('banga-soup-starch', 'Banga Soup & Starch', 'Palm-fruit soup with native spices, served with starch.', 'soups', '/images/menu/banga-soup.jpg', ARRAY['/images/menu/banga-soup.jpg'], 5100, ARRAY['abuja','lagos','badagry']::branch_slug[], 4.2, 122, 25, '{}'::dietary_label[], ARRAY['Palm fruit','Native spices','Starch'], '{}', '[{"id":"protein","label":"Choose Protein","required":true,"multiple":false,"choices":[{"id":"chicken","label":"Chicken","priceModifier":0},{"id":"beef","label":"Beef","priceModifier":500},{"id":"goat-meat","label":"Goat Meat","priceModifier":800},{"id":"fish","label":"Fish","priceModifier":700},{"id":"assorted","label":"Assorted","priceModifier":1000}]}]'::jsonb, 'available', false, false, false),
('pounded-yam', 'Pounded Yam', 'Smooth, stretchy pounded yam. Pair with any soup.', 'swallow', '/images/menu/pounded-yam.jpg', ARRAY['/images/menu/pounded-yam.jpg'], 1500, ARRAY['abuja','lagos','badagry']::branch_slug[], 4.9, 135, 10, '{}'::dietary_label[], ARRAY['Yam'], '{}', '[]'::jsonb, 'available', false, false, false),
('amala-ewedu', 'Amala & Ewedu', 'Soft amala served with ewedu soup and gbegiri.', 'swallow', '/images/menu/amala.jpg', ARRAY['/images/menu/amala.jpg'], 3800, ARRAY['abuja','lagos','badagry']::branch_slug[], 4.8, 148, 20, '{}'::dietary_label[], ARRAY['Amala','Ewedu','Gbegiri'], '{}', '[{"id":"protein","label":"Choose Protein","required":true,"multiple":false,"choices":[{"id":"chicken","label":"Chicken","priceModifier":0},{"id":"beef","label":"Beef","priceModifier":500},{"id":"goat-meat","label":"Goat Meat","priceModifier":800},{"id":"fish","label":"Fish","priceModifier":700},{"id":"assorted","label":"Assorted","priceModifier":1000}]}]'::jsonb, 'available', false, false, false),
('eba', 'Eba', 'Classic garri swallow, smooth and firm.', 'swallow', '/images/menu/eba.jpg', ARRAY['/images/menu/eba.jpg'], 1200, ARRAY['abuja','lagos','badagry']::branch_slug[], 4.7, 21, 8, '{}'::dietary_label[], ARRAY['Garri'], '{}', '[]'::jsonb, 'available', false, false, false),
('semo', 'Semo', 'Soft semolina swallow.', 'swallow', '/images/menu/semo.jpg', ARRAY['/images/menu/semo.jpg'], 1200, ARRAY['abuja','lagos','badagry']::branch_slug[], 4.6, 34, 8, '{}'::dietary_label[], ARRAY['Semolina'], '{}', '[]'::jsonb, 'available', false, false, false),
('suya-platter', 'Suya Platter', 'Spicy grilled beef suya with onions, tomato and yaji spice.', 'grills', '/images/menu/suya.jpg', ARRAY['/images/menu/suya.jpg'], 6000, ARRAY['abuja','lagos','badagry']::branch_slug[], 4.5, 47, 20, ARRAY['spicy']::dietary_label[], ARRAY['Beef','Yaji spice','Onions'], '{}', '[]'::jsonb, 'available', true, false, false),
('grilled-tilapia-fish', 'Grilled Tilapia Fish', 'Whole tilapia grilled with pepper sauce, served with plantain.', 'grills', '/images/menu/grilled-fish.jpg', ARRAY['/images/menu/grilled-fish.jpg'], 7500, ARRAY['abuja','lagos','badagry']::branch_slug[], 4.4, 60, 25, '{}'::dietary_label[], ARRAY['Tilapia fish','Pepper sauce','Plantain'], '{}', '[]'::jsonb, 'available', false, false, false),
('peppered-goat-meat', 'Peppered Goat Meat', 'Tender goat meat tossed in a rich pepper sauce.', 'grills', '/images/menu/peppered-goat-meat.jpg', ARRAY['/images/menu/peppered-goat-meat.jpg'], 6500, ARRAY['abuja','lagos','badagry']::branch_slug[], 4.3, 73, 20, ARRAY['spicy']::dietary_label[], ARRAY['Goat meat','Pepper sauce'], '{}', '[]'::jsonb, 'available', false, false, false),
('asun-spicy-goat-meat', 'Asun (Spicy Goat Meat)', 'Smoky, chopped spicy goat meat — a lounge favourite.', 'grills', '/images/menu/asun.jpg', ARRAY['/images/menu/asun.jpg'], 6800, ARRAY['abuja','lagos','badagry']::branch_slug[], 4.2, 86, 20, ARRAY['spicy']::dietary_label[], ARRAY['Goat meat','Scotch bonnet','Onions'], '{}', '[]'::jsonb, 'available', true, false, false),
('grilled-prawns', 'Grilled Prawns', 'Jumbo prawns grilled in garlic butter sauce.', 'seafood', '/images/menu/grilled-prawns.jpg', ARRAY['/images/menu/grilled-prawns.jpg'], 8500, ARRAY['abuja','lagos','badagry']::branch_slug[], 4.9, 99, 20, '{}'::dietary_label[], ARRAY['Prawns','Garlic butter'], '{}', '[]'::jsonb, 'available', false, false, false),
('seafood-okro-soup', 'Seafood Okro Soup', 'Okro soup loaded with prawns, crab and periwinkle.', 'seafood', '/images/menu/seafood-okro.jpg', ARRAY['/images/menu/seafood-okro.jpg'], 7200, ARRAY['abuja','lagos','badagry']::branch_slug[], 4.8, 112, 25, '{}'::dietary_label[], ARRAY['Okro','Prawns','Crab','Periwinkle'], '{}', '[]'::jsonb, 'available', false, false, false),
('peppered-snails', 'Peppered Snails', 'Giant snails simmered in a fiery pepper sauce.', 'seafood', '/images/menu/peppered-snails.jpg', ARRAY['/images/menu/peppered-snails.jpg'], 7800, ARRAY['abuja','lagos','badagry']::branch_slug[], 4.7, 125, 20, ARRAY['spicy']::dietary_label[], ARRAY['Snails','Pepper sauce'], '{}', '[]'::jsonb, 'available', false, false, false),
('akara-pap', 'Akara & Pap', 'Fluffy bean cakes served with warm corn pap.', 'breakfast', '/images/menu/akara-pap.jpg', ARRAY['/images/menu/akara-pap.jpg'], 2500, ARRAY['abuja','lagos','badagry']::branch_slug[], 4.6, 138, 15, ARRAY['vegetarian']::dietary_label[], ARRAY['Beans','Corn pap'], '{}', '[]'::jsonb, 'available', false, false, false),
('yam-egg-sauce', 'Yam & Egg Sauce', 'Boiled yam served with a rich pepper egg sauce.', 'breakfast', '/images/menu/yam-egg-sauce.jpg', ARRAY['/images/menu/yam-egg-sauce.jpg'], 3000, ARRAY['abuja','lagos','badagry']::branch_slug[], 4.5, 151, 15, ARRAY['vegetarian']::dietary_label[], ARRAY['Yam','Eggs','Pepper sauce'], '{}', '[]'::jsonb, 'available', false, false, false),
('custard-moin-moin', 'Custard & Moin Moin', 'Warm custard paired with steamed bean pudding.', 'breakfast', '/images/menu/custard-moinmoin.jpg', ARRAY['/images/menu/custard-moinmoin.jpg'], 2800, ARRAY['abuja','lagos','badagry']::branch_slug[], 4.4, 24, 15, ARRAY['vegetarian']::dietary_label[], ARRAY['Custard','Beans'], '{}', '[]'::jsonb, 'available', false, false, false),
('small-chops-platter', 'Small Chops Platter', 'Spring rolls, samosa, puff puff, chicken bites and fish rolls.', 'snacks', '/images/menu/small-chops.jpg', ARRAY['/images/menu/small-chops.jpg'], 8000, ARRAY['abuja','lagos','badagry']::branch_slug[], 4.3, 37, 20, '{}'::dietary_label[], ARRAY['Spring rolls','Samosa','Puff puff','Chicken bites'], '{}', '[]'::jsonb, 'available', true, false, false),
('chicken-wings-8-pcs', 'Chicken Wings (8 pcs)', 'Crispy fried wings tossed in your choice of sauce.', 'snacks', '/images/menu/chicken-wings.jpg', ARRAY['/images/menu/chicken-wings.jpg'], 5000, ARRAY['abuja','lagos','badagry']::branch_slug[], 4.2, 50, 18, '{}'::dietary_label[], ARRAY['Chicken wings'], '{}', '[{"id":"spice-level","label":"Spice Level","required":true,"multiple":false,"choices":[{"id":"mild","label":"Mild","priceModifier":0},{"id":"regular","label":"Regular","priceModifier":0},{"id":"extra-hot","label":"Extra Hot","priceModifier":0}]}]'::jsonb, 'available', false, false, false),
('loaded-fries', 'Loaded Fries', 'Crispy fries loaded with beef floss, cheese sauce and jalapenos.', 'snacks', '/images/menu/loaded-fries.jpg', ARRAY['/images/menu/loaded-fries.jpg'], 4200, ARRAY['abuja','lagos','badagry']::branch_slug[], 4.9, 63, 15, '{}'::dietary_label[], ARRAY['Potato fries','Beef floss','Cheese sauce'], '{}', '[]'::jsonb, 'available', false, true, false),
('classic-pepperoni-pizza-12', 'Classic Pepperoni Pizza (12")', 'Wood-fired pizza loaded with pepperoni and mozzarella.', 'pizza', '/images/menu/pepperoni-pizza.jpg', ARRAY['/images/menu/pepperoni-pizza.jpg'], 9500, ARRAY['abuja','lagos','badagry']::branch_slug[], 4.8, 76, 25, '{}'::dietary_label[], ARRAY['Pizza dough','Pepperoni','Mozzarella'], '{}', '[]'::jsonb, 'available', true, false, false),
('chicken-suya-pizza-12', 'Chicken Suya Pizza (12")', 'A Nigerian twist — suya-spiced chicken, peppers and onions.', 'pizza', '/images/menu/suya-pizza.jpg', ARRAY['/images/menu/suya-pizza.jpg'], 10200, ARRAY['abuja','lagos','badagry']::branch_slug[], 4.7, 89, 25, ARRAY['spicy']::dietary_label[], ARRAY['Pizza dough','Suya chicken','Peppers'], '{}', '[]'::jsonb, 'available', false, true, false),
('four-cheese-pizza-12', 'Four Cheese Pizza (12")', 'Mozzarella, cheddar, parmesan and gouda on a crisp base.', 'pizza', '/images/menu/cheese-pizza.jpg', ARRAY['/images/menu/cheese-pizza.jpg'], 9800, ARRAY['abuja','lagos','badagry']::branch_slug[], 4.6, 102, 25, ARRAY['vegetarian']::dietary_label[], ARRAY['Pizza dough','Four cheese blend'], '{}', '[]'::jsonb, 'available', false, false, false),
('veggie-supreme-pizza-12', 'Veggie Supreme Pizza (12")', 'Bell peppers, mushroom, sweetcorn, olives and onions.', 'pizza', '/images/menu/veggie-pizza.jpg', ARRAY['/images/menu/veggie-pizza.jpg'], 9200, ARRAY['abuja','lagos','badagry']::branch_slug[], 4.5, 115, 25, ARRAY['vegetarian']::dietary_label[], ARRAY['Pizza dough','Mixed vegetables'], '{}', '[]'::jsonb, 'available', false, false, false),
('emmapresh-classic-beef-burger', 'EmmaPresh Classic Beef Burger', 'Double beef patty, cheddar, lettuce, tomato and our signature sauce.', 'burgers', '/images/menu/beef-burger.jpg', ARRAY['/images/menu/beef-burger.jpg'], 5500, ARRAY['abuja','lagos','badagry']::branch_slug[], 4.4, 128, 15, '{}'::dietary_label[], ARRAY['Beef patty','Cheddar','Lettuce','Brioche bun'], '{}', '[]'::jsonb, 'available', true, false, false),
('crispy-chicken-burger', 'Crispy Chicken Burger', 'Crunchy fried chicken fillet with spicy mayo and pickles.', 'burgers', '/images/menu/chicken-burger.jpg', ARRAY['/images/menu/chicken-burger.jpg'], 5200, ARRAY['abuja','lagos','badagry']::branch_slug[], 4.3, 141, 15, '{}'::dietary_label[], ARRAY['Chicken fillet','Spicy mayo','Brioche bun'], '{}', '[]'::jsonb, 'available', false, false, false),
('smoky-bbq-beef-burger', 'Smoky BBQ Beef Burger', 'Beef patty glazed in smoky BBQ sauce with crispy onions.', 'burgers', '/images/menu/bbq-burger.jpg', ARRAY['/images/menu/bbq-burger.jpg'], 5800, ARRAY['abuja','lagos','badagry']::branch_slug[], 4.2, 154, 15, '{}'::dietary_label[], ARRAY['Beef patty','BBQ sauce','Crispy onions'], '{}', '[]'::jsonb, 'available', false, false, false),
('chicken-shawarma', 'Chicken Shawarma', 'Grilled chicken shawarma wrapped with garlic sauce, coleslaw and fries.', 'shawarma', '/images/menu/chicken-shawarma.jpg', ARRAY['/images/menu/chicken-shawarma.jpg'], 4200, ARRAY['abuja','lagos','badagry']::branch_slug[], 4.9, 27, 12, '{}'::dietary_label[], ARRAY['Chicken','Garlic sauce','Tortilla wrap'], '{}', '[]'::jsonb, 'available', true, false, false),
('beef-shawarma', 'Beef Shawarma', 'Sliced beef shawarma with spicy sauce and crunchy vegetables.', 'shawarma', '/images/menu/beef-shawarma.jpg', ARRAY['/images/menu/beef-shawarma.jpg'], 4500, ARRAY['abuja','lagos','badagry']::branch_slug[], 4.8, 40, 12, '{}'::dietary_label[], ARRAY['Beef','Spicy sauce','Tortilla wrap'], '{}', '[]'::jsonb, 'available', false, false, false),
('mixed-shawarma-chicken-beef', 'Mixed Shawarma (Chicken & Beef)', 'The best of both — chicken and beef in one loaded wrap.', 'shawarma', '/images/menu/mixed-shawarma.jpg', ARRAY['/images/menu/mixed-shawarma.jpg'], 5000, ARRAY['abuja','lagos','badagry']::branch_slug[], 4.7, 53, 12, '{}'::dietary_label[], ARRAY['Chicken','Beef','Tortilla wrap'], '{}', '[]'::jsonb, 'available', false, true, false),
('glazed-doughnuts-box-of-6', 'Glazed Doughnuts (Box of 6)', 'Soft, pillowy doughnuts finished with sweet glaze.', 'doughnuts', '/images/menu/glazed-doughnuts.jpg', ARRAY['/images/menu/glazed-doughnuts.jpg'], 3000, ARRAY['abuja','lagos','badagry']::branch_slug[], 4.6, 66, 10, ARRAY['vegetarian']::dietary_label[], ARRAY['Flour','Sugar glaze'], '{}', '[]'::jsonb, 'available', false, false, false),
('chocolate-filled-doughnuts-box-of-6', 'Chocolate Filled Doughnuts (Box of 6)', 'Filled with rich Belgian chocolate cream.', 'doughnuts', '/images/menu/chocolate-doughnuts.jpg', ARRAY['/images/menu/chocolate-doughnuts.jpg'], 3500, ARRAY['abuja','lagos','badagry']::branch_slug[], 4.5, 79, 10, ARRAY['vegetarian']::dietary_label[], ARRAY['Flour','Chocolate cream'], '{}', '[]'::jsonb, 'available', false, false, false),
('meat-pie-pack-of-4', 'Meat Pie (Pack of 4)', 'Flaky pastry filled with seasoned minced meat and potatoes.', 'pastries', '/images/menu/meat-pie.jpg', ARRAY['/images/menu/meat-pie.jpg'], 2400, ARRAY['abuja','lagos','badagry']::branch_slug[], 4.4, 92, 10, '{}'::dietary_label[], ARRAY['Pastry','Minced meat','Potatoes'], '{}', '[]'::jsonb, 'available', false, false, false),
('sausage-rolls-pack-of-6', 'Sausage Rolls (Pack of 6)', 'Golden pastry rolled around seasoned sausage filling.', 'pastries', '/images/menu/sausage-rolls.jpg', ARRAY['/images/menu/sausage-rolls.jpg'], 3000, ARRAY['abuja','lagos','badagry']::branch_slug[], 4.3, 105, 10, '{}'::dietary_label[], ARRAY['Pastry','Sausage filling'], '{}', '[]'::jsonb, 'available', false, false, false),
('chin-chin-500g', 'Chin Chin (500g)', 'Crunchy, lightly sweetened fried pastry snack.', 'pastries', '/images/menu/chin-chin.jpg', ARRAY['/images/menu/chin-chin.jpg'], 2000, ARRAY['abuja','lagos','badagry']::branch_slug[], 4.2, 118, 5, ARRAY['vegetarian']::dietary_label[], ARRAY['Flour','Sugar','Nutmeg'], '{}', '[]'::jsonb, 'available', false, false, false),
('red-velvet-cupcakes-box-of-4', 'Red Velvet Cupcakes (Box of 4)', 'Moist red velvet cupcakes with cream cheese frosting.', 'desserts', '/images/menu/red-velvet-cupcakes.jpg', ARRAY['/images/menu/red-velvet-cupcakes.jpg'], 4500, ARRAY['abuja','lagos','badagry']::branch_slug[], 4.9, 131, 5, ARRAY['vegetarian']::dietary_label[], ARRAY['Red velvet sponge','Cream cheese frosting'], '{}', '[]'::jsonb, 'available', false, false, false),
('chocolate-fudge-slice', 'Chocolate Fudge Slice', 'Decadent chocolate fudge cake slice.', 'desserts', '/images/menu/chocolate-fudge.jpg', ARRAY['/images/menu/chocolate-fudge.jpg'], 2500, ARRAY['abuja','lagos','badagry']::branch_slug[], 4.8, 144, 5, ARRAY['vegetarian']::dietary_label[], ARRAY['Chocolate sponge','Fudge'], '{}', '[]'::jsonb, 'available', false, false, false),
('fresh-watermelon-juice', 'Fresh Watermelon Juice', 'Cold-pressed watermelon juice, no added sugar.', 'drinks', '/images/menu/watermelon-juice.jpg', ARRAY['/images/menu/watermelon-juice.jpg'], 2000, ARRAY['abuja','lagos','badagry']::branch_slug[], 4.7, 157, 5, ARRAY['vegan']::dietary_label[], ARRAY['Watermelon'], '{}', '[]'::jsonb, 'available', false, false, false),
('tropical-smoothie', 'Tropical Smoothie', 'Blended mango, pineapple and passionfruit smoothie.', 'drinks', '/images/menu/tropical-smoothie.jpg', ARRAY['/images/menu/tropical-smoothie.jpg'], 2800, ARRAY['abuja','lagos','badagry']::branch_slug[], 4.6, 30, 6, ARRAY['vegan']::dietary_label[], ARRAY['Mango','Pineapple','Passionfruit'], '{}', '[]'::jsonb, 'available', true, false, false),
('chapman-mocktail', 'Chapman Mocktail', 'Nigeria''s favourite fruity mocktail, served chilled.', 'drinks', '/images/menu/chapman.jpg', ARRAY['/images/menu/chapman.jpg'], 2500, ARRAY['abuja','lagos','badagry']::branch_slug[], 4.5, 43, 6, '{}'::dietary_label[], ARRAY['Grenadine','Fruit juices','Soda'], '{}', '[]'::jsonb, 'available', false, false, false),
('emmapresh-signature-cocktail', 'EmmaPresh Signature Cocktail', 'A citrus-forward house cocktail crafted at the lounge bar.', 'drinks', '/images/menu/signature-cocktail.jpg', ARRAY['/images/menu/signature-cocktail.jpg'], 6500, ARRAY['abuja','lagos','badagry']::branch_slug[], 4.4, 56, 8, ARRAY['contains-alcohol']::dietary_label[], ARRAY['Spirits','Citrus','Bitters'], '{}', '[]'::jsonb, 'available', false, false, true),
('chilled-lager-bottle', 'Chilled Lager (Bottle)', 'Ice-cold Nigerian lager beer.', 'drinks', '/images/menu/lager-beer.jpg', ARRAY['/images/menu/lager-beer.jpg'], 1500, ARRAY['abuja','lagos','badagry']::branch_slug[], 4.3, 69, 2, ARRAY['contains-alcohol']::dietary_label[], ARRAY['Beer'], '{}', '[]'::jsonb, 'available', false, false, true),
('house-red-wine-glass', 'House Red Wine (Glass)', 'A smooth, medium-bodied red wine by the glass.', 'drinks', '/images/menu/red-wine.jpg', ARRAY['/images/menu/red-wine.jpg'], 3500, ARRAY['abuja','lagos','badagry']::branch_slug[], 4.2, 82, 2, ARRAY['contains-alcohol']::dietary_label[], ARRAY['Red wine'], '{}', '[]'::jsonb, 'available', false, false, true),
('nigerian-breakfast-tea', 'Nigerian Breakfast Tea', 'Freshly brewed tea served with milk and sugar on request.', 'drinks', '/images/menu/tea.jpg', ARRAY['/images/menu/tea.jpg'], 1200, ARRAY['abuja','lagos','badagry']::branch_slug[], 4.9, 95, 5, ARRAY['vegetarian']::dietary_label[], ARRAY['Tea leaves'], '{}', '[]'::jsonb, 'available', false, false, false),
('espresso-coffee', 'Espresso Coffee', 'Rich, bold espresso shot.', 'drinks', '/images/menu/espresso.jpg', ARRAY['/images/menu/espresso.jpg'], 1800, ARRAY['abuja','lagos','badagry']::branch_slug[], 4.8, 108, 4, ARRAY['vegan']::dietary_label[], ARRAY['Coffee beans'], '{}', '[]'::jsonb, 'available', false, false, false),
('family-jollof-combo-serves-6', 'Family Jollof Combo (Serves 6)', 'A generous family-size jollof rice combo with grilled chicken and plantain, feeds up to six people.', 'family-meals', '/images/menu/family-jollof.jpg', ARRAY['/images/menu/family-jollof.jpg'], 22000, ARRAY['abuja','lagos','badagry']::branch_slug[], 4.7, 121, 35, '{}'::dietary_label[], ARRAY['Rice','Chicken','Plantain'], '{}', '[{"id":"protein","label":"Choose Protein","required":true,"multiple":false,"choices":[{"id":"chicken","label":"Chicken","priceModifier":0},{"id":"beef","label":"Beef","priceModifier":500},{"id":"goat-meat","label":"Goat Meat","priceModifier":800},{"id":"fish","label":"Fish","priceModifier":700},{"id":"assorted","label":"Assorted","priceModifier":1000}]}]'::jsonb, 'available', true, false, false),
('family-small-chops-party-pack', 'Family Small Chops Party Pack', 'A large party tray of assorted small chops, perfect for gatherings.', 'family-meals', '/images/menu/family-small-chops.jpg', ARRAY['/images/menu/family-small-chops.jpg'], 25000, ARRAY['abuja','lagos','badagry']::branch_slug[], 4.6, 134, 35, '{}'::dietary_label[], ARRAY['Spring rolls','Samosa','Puff puff','Chicken bites'], '{}', '[]'::jsonb, 'available', false, false, false);

INSERT INTO cakes (slug, name, description, image, gallery, price, size_label, flavour, occasion, branch_availability, quantity_available, same_day_pickup, rating) VALUES
('classic-vanilla-birthday-cake', 'Classic Vanilla Birthday Cake', 'Soft vanilla sponge layered with buttercream, finished with festive sprinkles.', '/images/cakes/vanilla-birthday.jpg', ARRAY['/images/cakes/vanilla-birthday.jpg'], 18000, '8-inch, serves 12', 'Vanilla', 'birthday', ARRAY['abuja','lagos','badagry']::branch_slug[], 6, true, 4.3),
('red-velvet-celebration-cake', 'Red Velvet Celebration Cake', 'Rich red velvet layers with cream cheese frosting.', '/images/cakes/red-velvet.jpg', ARRAY['/images/cakes/red-velvet.jpg'], 22000, '8-inch, serves 12', 'Red Velvet', 'birthday', ARRAY['abuja','lagos','badagry']::branch_slug[], 4, true, 4.8),
('two-tier-wedding-cake', 'Two-Tier Wedding Cake', 'Elegant two-tier fondant wedding cake with sugar floral detailing.', '/images/cakes/wedding-two-tier.jpg', ARRAY['/images/cakes/wedding-two-tier.jpg'], 85000, 'Two-tier, serves 60', 'Vanilla & Chocolate', 'wedding', ARRAY['abuja','lagos','badagry']::branch_slug[], 2, false, 4.6),
('three-tier-wedding-cake', 'Three-Tier Wedding Cake', 'A grand three-tier fondant cake, fully customisable colours and toppers.', '/images/cakes/wedding-three-tier.jpg', ARRAY['/images/cakes/wedding-three-tier.jpg'], 150000, 'Three-tier, serves 100', 'Vanilla, Chocolate & Red Velvet', 'wedding', ARRAY['abuja','lagos','badagry']::branch_slug[], 1, false, 4.4),
('chocolate-fudge-anniversary-cake', 'Chocolate Fudge Anniversary Cake', 'Decadent chocolate fudge cake with chocolate ganache drip.', '/images/cakes/chocolate-anniversary.jpg', ARRAY['/images/cakes/chocolate-anniversary.jpg'], 25000, '8-inch, serves 14', 'Chocolate Fudge', 'anniversary', ARRAY['abuja','lagos','badagry']::branch_slug[], 5, true, 4.9),
('golden-anniversary-cake', 'Golden Anniversary Cake', 'Gold-dusted vanilla cake celebrating milestone anniversaries.', '/images/cakes/golden-anniversary.jpg', ARRAY['/images/cakes/golden-anniversary.jpg'], 32000, '10-inch, serves 20', 'Vanilla', 'anniversary', ARRAY['abuja','lagos','badagry']::branch_slug[], 3, false, 4.7),
('corporate-logo-cake', 'Corporate Logo Cake', 'Custom-branded cake featuring your company logo in edible print.', '/images/cakes/corporate-logo.jpg', ARRAY['/images/cakes/corporate-logo.jpg'], 40000, '10-inch, serves 25', 'Chocolate', 'corporate', ARRAY['abuja','lagos','badagry']::branch_slug[], 3, false, 4.5),
('corporate-launch-cupcake-tower', 'Corporate Launch Cupcake Tower', 'A tiered display of 60 branded cupcakes for product launches.', '/images/cakes/cupcake-tower.jpg', ARRAY['/images/cakes/cupcake-tower.jpg'], 45000, '60 cupcakes', 'Assorted', 'corporate', ARRAY['abuja','lagos','badagry']::branch_slug[], 2, false, 4.3),
('graduation-cap-cake', 'Graduation Cap Cake', 'A fun graduation-cap themed cake to celebrate academic success.', '/images/cakes/graduation.jpg', ARRAY['/images/cakes/graduation.jpg'], 20000, '8-inch, serves 12', 'Vanilla', 'graduation', ARRAY['abuja','lagos','badagry']::branch_slug[], 4, true, 4.8),
('baby-shower-blush-cake', 'Baby Shower Blush Cake', 'Soft pink ombre buttercream cake with edible pearls.', '/images/cakes/baby-shower.jpg', ARRAY['/images/cakes/baby-shower.jpg'], 24000, '8-inch, serves 14', 'Strawberry Vanilla', 'baby-shower', ARRAY['abuja','lagos','badagry']::branch_slug[], 3, true, 4.6),
('kids-birthday-character-cake', 'Kids Birthday Character Cake', 'Playful character-themed cake, a favourite for kids'' parties.', '/images/cakes/kids-birthday.jpg', ARRAY['/images/cakes/kids-birthday.jpg'], 21000, '8-inch, serves 12', 'Vanilla', 'birthday', ARRAY['abuja','lagos','badagry']::branch_slug[], 5, true, 4.4),
('assorted-cupcake-box-12-pcs', 'Assorted Cupcake Box (12 pcs)', 'A dozen mixed-flavour cupcakes, perfect for small celebrations.', '/images/cakes/cupcake-box.jpg', ARRAY['/images/cakes/cupcake-box.jpg'], 9000, 'Box of 12', 'Assorted', 'birthday', ARRAY['abuja','lagos','badagry']::branch_slug[], 10, true, 4.9);

INSERT INTO catering_packages (slug, name, description, image, starting_price_per_head, min_guests, catering_types, includes) VALUES
('essential-buffet', 'Essential Buffet', 'A well-rounded buffet spread covering rice dishes, soups, grills and drinks — ideal for birthdays and small gatherings.', '/images/catering/essential-buffet.jpg', 8500, 30, ARRAY['birthday','private-event','indoor']::catering_type[], ARRAY['2 rice dishes','1 soup with swallow','1 grilled protein','Soft drinks','Disposable settings']),
('corporate-executive', 'Corporate Executive', 'Plated or buffet service designed for corporate events, conferences and training sessions.', '/images/catering/corporate-executive.jpg', 12000, 20, ARRAY['corporate','conference','institutional']::catering_type[], ARRAY['3-course plated option','Tea & coffee station','Bottled water','Professional serving staff']),
('wedding-celebration', 'Wedding Celebration', 'A full-service wedding catering package with premium presentation, drinks service and dedicated event staff.', '/images/catering/wedding-celebration.jpg', 18000, 100, ARRAY['wedding','outdoor','indoor']::catering_type[], ARRAY['4 main dishes','2 soups with swallow','Small chops station','Drinks bar','Servers & event coordinator']),
('outdoor-grill-experience', 'Outdoor Grill Experience', 'Live grilling stations with suya, grilled fish and chicken — a crowd favourite for outdoor events.', '/images/catering/outdoor-grill.jpg', 10500, 40, ARRAY['outdoor','private-event']::catering_type[], ARRAY['Live grill station','3 protein options','Sides & sauces','Chilled drinks']),
('small-chops-cocktail', 'Small Chops & Cocktail', 'Bite-sized small chops and mocktails/cocktails, perfect for receptions and product launches.', '/images/catering/small-chops-cocktail.jpg', 6500, 30, ARRAY['corporate','private-event','birthday']::catering_type[], ARRAY['6 small chop varieties','Mocktail station','Cocktail station (optional)','Roaming service staff']),
('institutional-daily-catering', 'Institutional Daily Catering', 'Recurring meal catering for schools, hostels and offices, with weekly menu rotation.', '/images/catering/institutional.jpg', 3500, 50, ARRAY['institutional','corporate']::catering_type[], ARRAY['Daily rotating menu','Bulk delivery','Nutrition-balanced portions','Weekly invoicing']);

INSERT INTO academy_courses (slug, title, track, description, image, instructor, duration_weeks, schedule, branch_slug, delivery_format, fee, deposit_required, available_seats, modules, certificate_awarded) VALUES
('beginner-nigerian-cooking', 'Beginner Nigerian Cooking', 'cooking', 'Master the fundamentals of Nigerian cuisine — soups, rice dishes and swallow — from scratch.', '/images/academy/beginner-nigerian-cooking.jpg', 'Chef Ngozi Adeyemi', 4, 'Saturdays, 10am–1pm', 'lagos', 'in-person', 65000, 20000, 12, ARRAY['Knife skills & prep','Soups & stews','Rice dishes','Swallow techniques'], true),
('advanced-continental-cuisine', 'Advanced Continental Cuisine', 'cooking', 'Take your skills further with continental techniques, plating and sauce work.', '/images/academy/advanced-continental-cuisine.jpg', 'Chef David Okafor', 6, 'Weekday evenings, 6pm–8pm', 'abuja', 'in-person', 95000, 30000, 10, ARRAY['Sauce fundamentals','Protein cookery','Plating & presentation','Menu design'], true),
('small-chops-party-snacks', 'Small Chops & Party Snacks', 'cooking', 'Learn to make small chops, spring rolls and party snacks for events and side businesses.', '/images/academy/small-chops-party-snacks.jpg', 'Chef Amaka Nwosu', 2, 'Weekend intensive', 'lagos', 'in-person', 45000, 15000, 15, ARRAY['Batter & dough basics','Frying techniques','Packaging for events'], true),
('baking-fundamentals', 'Baking Fundamentals', 'baking', 'Build a strong foundation in baking — bread, pastries and simple cakes.', '/images/academy/baking-fundamentals.jpg', 'Chef Fatima Sani', 4, 'Saturdays, 2pm–5pm', 'abuja', 'in-person', 70000, 20000, 12, ARRAY['Bread basics','Pastry dough','Simple sponge cakes','Kitchen hygiene'], true),
('professional-cake-decoration', 'Professional Cake Decoration', 'baking', 'Advanced fondant, buttercream and sugar-flower techniques for celebration cakes.', '/images/academy/professional-cake-decoration.jpg', 'Chef Peace Effiong', 6, 'Weekday mornings, 9am–12pm', 'lagos', 'hybrid', 120000, 40000, 8, ARRAY['Fondant covering','Buttercream piping','Sugar flowers','Wedding cake tiers'], true),
('catering-business-management', 'Catering Business Management', 'cooking', 'A practical course for turning your cooking skills into a catering business.', '/images/academy/catering-business-management.jpg', 'Chef Emeka Nnamdi', 3, 'Online, self-paced with live Q&A', 'lagos', 'online', 55000, 15000, 20, ARRAY['Costing & pricing','Client management','Event logistics','Food safety compliance'], false);

INSERT INTO halls (slug, name, branch_slug, image, gallery, capacity, facilities, starting_price, description) VALUES
('emmapresh-grand-hall', 'EmmaPresh Grand Hall', 'abuja', '/images/halls/emmapresh-grand-hall.jpg', ARRAY['/images/halls/emmapresh-grand-hall.jpg'], '{"banquet":250,"classroom":180,"theatre":300,"boardroom":40}'::jsonb, ARRAY['Air conditioning','Backup power','Sound system','Projector','Stage','Parking for 80 cars'], 450000, 'Our largest venue — a bright, elegant hall suited to weddings, conferences and large corporate events.'),
('emmapresh-lekki-terrace-hall', 'EmmaPresh Lekki Terrace Hall', 'lagos', '/images/halls/emmapresh-lekki-terrace-hall.jpg', ARRAY['/images/halls/emmapresh-lekki-terrace-hall.jpg'], '{"banquet":180,"classroom":120,"theatre":200,"boardroom":30}'::jsonb, ARRAY['Air conditioning','Backup power','Sound system','Stage','Changing room','Parking for 50 cars'], 380000, 'A stylish indoor-outdoor venue in Lekki, popular for birthdays, product launches and private parties.'),
('emmapresh-boardroom-suite', 'EmmaPresh Boardroom Suite', 'lagos', '/images/halls/emmapresh-boardroom-suite.jpg', ARRAY['/images/halls/emmapresh-boardroom-suite.jpg'], '{"banquet":40,"classroom":35,"theatre":50,"boardroom":20}'::jsonb, ARRAY['Air conditioning','Projector','Video conferencing','Whiteboard','Complimentary parking'], 120000, 'An intimate, professional space for corporate meetings, training sessions and small conferences.');
